algorithm,k,silhouette,davies_bouldin,calinski_harabasz,min_cluster_pct
KMeans,10,0.16951487857661443,1.4198257348088759,6827.858863984308,0.004653399308194636
Hierarchical (Ward),10,0.172022665201028,1.2763554564649462,6237.589799804918,0.009306798616389273
GMM (diag),10,0.11237326237834368,2.155592044836392,4734.5730296340735,0.004653399308194636
